hasoc_hindi_1	@Bhuvan_Bam Bhai kyu chutiya bnate ho? Itna kamate ho, Ek video dalte ho, pure moholle ka bill chuka dete ho.	HOF	PRFN	TIN
hasoc_hindi_2	24 H├▓ur рдореЗ рд╕рд╛рдЭреНрдп рдХреЗ рдЖрдзрд╛рд░ рдкрд░ arrest рд╣реМрдиреЗ рд╡рд╛рд▓реЗ рдорд╛рдорд▓реЗ рдореЗ| рджрд┐рдЦрд╛рд╡рдЯреА рдХрд╛рд░рд╡рд╛рдИ|    рдИрд╕рдореЗ рд╣рдорд╛рд░рд╛ рдХреМрдИ рдШрд╛рдЯрд╛ рдирд╣реА| рд╕рдорд╛рдЬ рдХреМ рд╢рд╛рдпрдж рд╣рдорд╛рд░реЗ рдЬреИрд╕рд╛ рдкрд░реАрд╡рд╛рд░ CHUTIYA рдкрд░реАрд╡рд╛рд░ рд▓рдЧрддрд╛ рд╣реИ|    рдЕрдЪреНрдЫрд╛ рд╣реА рд╣реИ рдореЗрд░реЗ рдкрд░реАрд╡рд╛рд░ рдХреА рдПрдХ рд╕рд╛рде рдореМрдд рд╣реМ рдФрд░ рд╕рдорд╛рдЬ рднреА рдЖрд░реМрдкреА рдЬреИрд╕реИ рд╣реА рд▓реМрдЧ рд░рд╣реЗ| рд╢рд╛рдпрдж рднрд╛рд░рдд рдЙрдирдХреА рдХреЗ рд▓рд┐рдП рд╣реИ рд╣рдорд╛рд░реЗ рд▓рд┐рдП рдирд╣реА рд╣реИ| https://t.co/BXTNDZ2Vdg	HOF	PRFN	UNT
hasoc_hindi_3	@ArvindKejriwal @SniderWez Ye chutiya hi milta hai .. Pakistani yon ko	HOF	PRFN	TIN
hasoc_hindi_4	Twitter pe kuch logon ki bachpan ki photo dekh kar ye khayal aa raha hai 'yaar iski shakal pehle to cute thi ab kyo chutiya jaisi ho gayi' ЁЯШБ	HOF	PRFN	UNT
hasoc_hindi_5	@SKBhardwaj_ @PMOIndia @HMOIndia @smritiirani @mp_wcdmp @MinistryWCD @MPDial100 @CyberDost @DrGeetaBhatt @TajinderBagga @BJPMahilaMorcha @ChouhanShivraj @BJP4MP @R_HLata @RitiPathakSidhi @KailashOnline @PragyaBhushan1 @EqraSPS7 @GitaSKapoor @kajal_jaihind @AkashVOnline @priyankac19 @rsprasad Chutiya ka auzaar hi kaat dalo	HOF	PRFN	TIN
hasoc_hindi_6	@kamaalrkhan Allah chutiya hai aur tu musalman Madarchod hai	HOF	PRFN	TIN
hasoc_hindi_7	@IrshadAdv15 Abe chutiye jhuth bolna to seekh le vakeel to tu hai par chutiya janm se hai	HOF	PRFN	TIN
hasoc_hindi_8	@HardikPatel_ @SATAVRAJEEV @AmitChavdaINC @paresh_dhanani @ahmedpatel @priyankagandhi @RahulGandhi @ashokgehlot51 @JM_Scindia @kcvenugopalmp @sherryontopp Chutiya Janata tere se pareshan hai	HOF	PRFN	TIN
hasoc_hindi_9	@PzamanPTI @kanpuriyasanghi Hahaha chuddi buniyan bacha kya dekh. Kashmir chakkar me tera langot bhi bhik gaya bikhari. Aur tera PM duniya bhar me bheek maang raha hai. Chala Kashmir lene. Kya chutiya log hai ur poor paki Pappu log	HOF	PRFN	TIN
hasoc_hindi_10	Bhai in ICC walon jitna chutiya koi ni he jab pata he chutiyo ko england me barish hoti hi he, to wha kya jarurat in chutido ko world cup rakhne ki bcЁЯШв	HOF	PRFN	TIN
hasoc_hindi_11	@_iamsaurav97 Yeh to verified chutiya h par tu bhi Aisa bolega Ab Bhai k liyeЁЯШвЁЯТФ	HOF	PRFN	TIN
hasoc_hindi_12	@beingsau27 @akshaykumar Chutiya hai ЁЯШВ	HOF	PRFN	TIN
hasoc_hindi_13	@VarunsSakshi @_iamsaurav97 Chutiya	HOF	PRFN	TIN
hasoc_hindi_14	@AnupamPKher bilkul chutiya	HOF	PRFN	TIN
hasoc_hindi_15	@Goan_curry @hvgoenka @ChaitraSalian @2019_Shield     Paap kou akal deta hai pe chutiya	HOF	PRFN	TIN
hasoc_hindi_16	Agar kisi Ko sacche Dil se chaho to wo tmhra CHUTIYA kaatne lagta hai ЁЯШПЁЯШП	HOF	PRFN	UNT
hasoc_hindi_17	Chutiya @shivangijoshi10 kamini suna hai ki teri affair chal rahai ak journalist ke shat . Maja karrehai hotel room may @StarPlus #YRKKH	HOF	PRFN	TIN
hasoc_hindi_18	@sudhirchaudhary @ZeeNews Tu permanently chutiya hai aur rahe ЁЯШВЁЯШВЁЯШВ	HOF	PRFN	TIN
hasoc_hindi_19	@ShivaniPatel23 Nothing to do with music??    Tu mujhe sikhaegi music kya hai?  Bc 10 saal ke bachhe Amaal ke fans hai    Sharam kar    Amaal chutiya musician hai aur chutiya hi rahega	HOF	PRFN	TIN
hasoc_hindi_20	@Dehadi_Majdoor Wo he to. ЁЯШВ    Hamara chutiya kaat rahi hai	HOF	PRFN	TIN
hasoc_hindi_21	рд╡рдВрджреЗ рднрд╛рд░рдд рдПрдХреНрд╕рдкреНрд░реЗрд╕ рдореЗрдВ рдпрд╛рддреНрд░рд┐рдпреЛрдВ рдХреЛ рдкрд░реЛрд╕рд╛ рдЧрдпрд╛ рд╕рдбрд╝рд╛ рд╣реБрдЖ рдЪрд╛рд╡рд▓  #vandemataram  #Delhi #Modi @ramdastambe8888 https://t.co/FiS6VEEDIN	NOT	None	NULL
hasoc_hindi_22	рдЧреБрдЬрд░рд╛рдд рд╡рд┐рдХрд╛рд╕ рдореЙрдбрд▓ рдХреА рд╡рд╛рд╕реНрддрд╡рд┐рдХрддрд╛ рдпрд╣ рд╣реИ рдХреА рдкреНрд░рд╢рд╛рд╕рди рдФрд░ рдкреБрд▓рд┐рд╕ рдХреА рдирд┐рд╖реНрдХреНрд░рд┐рдпрддрд╛ рдХреЗ рдХрд╛рд░рдг рдПрдХ рд╕рд╛рд▓ рдХреЗ рдЕрдВрджрд░ 1243 рдорд╣рд┐рд▓рд╛рдУрдВ рдХреЗ рд╕рд╛рде рдЫреЗрдбрд╝рдЫрд╛рдбрд╝ рдХреА рдЧрдИ рд╣реИред     рдорд╣рд┐рд▓рд╛рдУрдВ рдХреА рд╕реБрд░рдХреНрд╖рд╛ рдХреА рдмрд╛рддреЗрдВ рдХреЗрд╡рд▓ рдХрд╛рдЧрдЬреЛрдВ рдкрд░ рд╣реА рд░рд╣реАрдВред    #Gujarat #VijayRupani #Modi https://t.co/kCGPrCjZ64	NOT	None	NULL
hasoc_hindi_23	@ANUJ_SANATANI @sudhirchaudhary @RamuSin47215559 @ZeeNews Are chutiya ke puchh......wo ek Islamic jhanda tha Pakistan ka nahi	HOF	PRFN	TIN
hasoc_hindi_24	@rssurjewala Chaman chutiya...haramkhor... Tum log kya gaand marwane ke liye Rajniti karte ho....	HOF	PRFN	TIN
hasoc_hindi_25	@Boxofficindia jo movie 50 crore k layak bhi nhi hai..wo phir bhi 160 crore k lagbhag pahunch gayi...aur andhadhun jaise super movie struggle karti hai...waah re chutiya audience india ki.	HOF	PRFN	TIN
hasoc_hindi_26	Sala chutiya Rohit bhi achhi script SRK Ko lake de de ha or usko malum ha ki is script Ko koi nahi Sambhal Sakta to Ajay sir ke pass ate ha or Bhai sub Ko pata sir ki strodom power or movie uhi hit ho jati or Bolte ha ki Rohit ki wajah se hit hui ha in chutiyo Ko nahi malum ki https://t.co/wnvquSlJ8C	HOF	PRFN	TIN
hasoc_hindi_27	@SardarJasbir @AzadAap @GPannun_2020 chutiya 12 baj ge?	HOF	PRFN	TIN
hasoc_hindi_28	@Kuptaan 2010 ki cheque dhikha rha hai  Chutiya kat jayega iskaЁЯШВЁЯШВ	HOF	PRFN	TIN
hasoc_hindi_29	@reliancejio @JioCare abe network dena hai to dhang se de do.. Chutiya mat kaato logo ka....     Recharge ke time to muh utha kar din me 10 baar call kar lete hoЁЯШбЁЯШбЁЯШб https://t.co/44r1J5JlCM	HOF	PRFN	TIN
hasoc_hindi_30	@mindthiskapoor Chutiya jo dekhan main chala, chutiya na miliya koey  Jo ma khoja aapana, mujhsa chutiya na koey	HOF	PRFN	UNT
hasoc_hindi_31	@HamidMirPAK @FaisalVawdaPTI Chutiya	HOF	PRFN	TIN
hasoc_hindi_32	@aajtak Chutiya tak	HOF	PRFN	TIN
hasoc_hindi_33	@HardikPatel_ Arey chutiya modi ko tere saath ki jaroorat nahi hai modi akela hi kaafi hai	HOF	PRFN	TIN
hasoc_hindi_34	Tum chutiya ho @PJkanojia tumre jaise chutiyon ki wajah se sabka naam kharab hota hai .kabhi lagta hai hamre purvaj jo karte they wo sahi they tum bhagvan ke darbar jane layak nahi they tabhi jane ni dia jata tha. @IamErSPSingh @myogiadityanath https://t.co/ZHZS5elqZe	HOF	PRFN	TIN
hasoc_hindi_35	@naalaYUCK @narendramodi @AmitShah Bolega hi kyu ki mulleh ko sarkar ki scheme pe hakk pahle unko hi chahiye   Chahe logo ko chutiya hi kyu na banana pade	HOF	PRFN	TIN
hasoc_hindi_36	@urbandehati_ @fsl_x2 World is very sadistic that way, jab koi opinion leke chutiya katwata hai, toh chutiyapa karne ko encourage karenge	HOF	PRFN	UNT
hasoc_hindi_37	@PJkanojia Sala sabse bada chutiya hai Tu. Idiot KUTta.	HOF	PRFN	TIN
hasoc_hindi_38	@PrashuSfdc @rakesh_pramod @BJP4India @mahan_saria sahi kaha... ye bas foto share kr kr ke chutiya bana rhe hain	HOF	PRFN	TIN
hasoc_hindi_39	@sardanarohit @aajtak Bakchodi wala mudda are sale bhadwe technology ka mudda nai hai rozgaar ka mudda nai hai bacchiyo me sath rape ho rahe unka mudda nai hai chutiya sala	HOF	PRFN	TIN
hasoc_hindi_40	@HardikPatel_ Tum jaise ko he chutiya bolte hai jaha viman crash hua wo india ka ilaaka hai murkh saale... ager yi pusti ho gya ke china ne kiya hai to wha v hoga surgical atrick... tum jaise cd chap se sikhne ke jrurat nhi hai	HOF	PRFN	TIN
hasoc_hindi_41	@sardanarohit Bas desh ko chutiya bnaate raho	HOF	PRFN	TIN
hasoc_hindi_42	@hindu1hindustan aur fir sarkar sare madarse band na karwadeti murkh ki aulad murkh tere jese chutiye ko chutiya bana kar hi sarkar vot maangti he	HOF	PRFN	TIN
hasoc_hindi_43	@PJkanojia Jaisey Teri shakal hai waisey baat karega..tujh jaisa gandi shakal ka Banda meine nahi dekha..chutiya aadmi...Jahan dikhe itna maaro sale ko sharam se khud hi Marr Jaye..gaali bhi Kya dey gutter ki paidaish hai ye	HOF	PRFN	TIN
hasoc_hindi_44	Chutiya logon ne England mein World cup rakh liya ab nahate phiro barishon meinЁЯджЁЯП╗тАНтЩВя╕П.	HOF	PRFN	UNT
hasoc_hindi_45	https://t.co/l1uqpbbVdl    #Corporateslave ya gov. Servant banne se behtar hai maalik bn k jio  #pakodewala #Modi @narendramodi	NOT	None	NULL
hasoc_hindi_46	70 рд╕рд╛рд▓ рдореЗ рдкрд╣рд▓реА рдмрд╛рд░ рдХрд╛рдБрдЧреНрд░реЗрд╕ рдЗрдлреНрддрд╛рд░ рдкрд╛рд░реНрдЯреА рдирд╣реА рдХрд░реЗрдЧреА рдХреНрдпреЛрдВрдХрд┐...    рдорд╛рддреНрд░ 60% рд╣реА рд╕рдВрдЧрдард┐рдд рд╣рд┐рдВрджреБрдУ рдиреЗ рдЗрдирдХрд╛ рд╣рд▓рд╛рд▓рд╛ рдЬреЛ рдХрд░ рджрд┐рдпрд╛ рд╣реИ...  ЁЯдг  #Viral_SMS  #ModiSarkar2 #ModiSwearingIn #Modi #ModiInSriLanka	HOF	HATE	TIN
hasoc_hindi_47	@IamShab07 Saare bata Chutiya..  2-3 aur add kar keЁЯШ╣ЁЯШ╣	HOF	PRFN	TIN
hasoc_hindi_48	рдореЛрджреА рд╕рд░рдХрд╛рд░ рдХрд╛ рджреВрд╕рд░рд╛ рдХрд╛рд░реНрдпрдХрд╛рд▓ рдкрд░реНрдпрд╛рд╡рд░рдг рдХреЗ рдмреЗрд╣рддрд░реАрди рд╕рд╛рдмрд┐рдд рд╣реЛрдиреЗ рд╡рд╛рд▓рд╛ рд╣реИ, рд╕рд░рдХрд╛рд░ рдЕрдЧрд▓реЗ рдкрд╛рдВрдЪ рд╡рд░реНрд╖реЛрдВ рдореЗрдВ 125 рдХрд░реЛрдбрд╝ рдкреЗрдбрд╝ рд▓рдЧрд╛рдиреЗ рдХреА рдпреЛрдЬрдирд╛ рд╣реИ, рдЕрдзрд┐рдХ рдЬрд╛рдирдиреЗ рдХреЗ рд▓рд┐рдП рдпрд╣ рд╡реАрдбрд┐рдпреЛ рджреЗрдЦреЗрдВ.  #ModiSarkar2   #Modi https://t.co/E6fPabcHFY	NOT	None	NULL
hasoc_hindi_49	рдкреНрд░рдзрд╛рдирдордВрддреНрд░реА рдирд░реЗрдВрджреНрд░ рдореЛрджреА рдиреЗ рдХрд▓ рдмреБрд▓рд╛рдИ рдХреИрдмрд┐рдиреЗрдЯ рдХреА рдмреИрдардХ   #Modi @narendramodi	NOT	None	NULL
hasoc_hindi_50	Chutiya@PJkanojia	HOF	PRFN	TIN
hasoc_hindi_51	рдЬрдмрд░рджрд╕реНрдд рд╕реВрдЦреЗ рдХреА рдЪрдкреЗрдЯ рдореЗрдВ рд╣реИрдВ рдорд╣рд╛рд░рд╛рд╖реНрдЯреНрд░ рдХреЗ 42% рддрд╣рд╕реАрд▓, рдЕрдХреЗрд▓реЗ рд╡рд┐рджрд░реНрдн рдореЗрдВ рд╣реА 344 рдХрд┐рд╕рд╛рди рджреЗ рдЪреБрдХреЗ рд╣реИрдВ рдЬрд╛рди     #BJP #Modi #WaterSupply #Farmer #Suicide @PMOIndia	NOT	None	NULL
hasoc_hindi_52	рдкрд╣рд▓реЗ рджреЗрд╢ рдореЗ рдЬреЛ рднреА рдЕрдкреНрд░рд┐рдп рдШрдЯрдирд╛ рд╣реЛрддреА рдереА  #Modi рдЬреА рдкрд╛рдХрд┐рд╕реНрддрд╛рди рдХреЛ рдЬрд┐рдореНрдореЗрджрд╛рд░ рдмрддрд╛  рджреЗрддреЗ рдереЗ  рдЕрдм рдореЛрддреА рдХреЗ рдкрд╛рд╕ рджреВрд╕рд░рд╛ рдСрдкреНрд╢рди рднреА   рд╣реИред     ЁЯСЗ        #рдПрд▓рд┐рдпрди ЁЯШВЁЯШВЁЯдгЁЯдгЁЯдг	NOT	None	NULL
hasoc_hindi_53	рдореЛрджреА рд╕рд░рдХрд╛рд░ рдХреА рдПрдХ рдФрд░ #SurgicalStrike ! рдмреНрдпреВрд░реЛрдХреНрд░реЗрд╕реА рдореЗрдВ #JointSecretary рд╕реНрддрд░ рдХреЗ 40% рд╕реЗ рдЕрдзрд┐рдХ рд▓реЛрдЧ рдЧреИрд░-рдЖрдИрдПрдПрд╕ рд╣реЛ рд╕рдХрддреЗ рд╣реИрдВ рд╢рд╛рдорд┐рд▓!    рд╕рд┐рд╕реНрдЯрдо рдХреЛ рднреА рддреЛ рдмрджрд▓рдирд╛ рд╣реЛрдЧрд╛!  рд▓рд╛рд▓-рдлреАрддрд╛рд╢рд╛рд╣реА рдХреЗ рджрд┐рди рд╕рдорд╛рдкреНрдд?  --  https://t.co/655TCGbz4h   --  #ModiSarkar2 #Vayu #Modi #BJP #ModiCorruptionCleanup #Bureaucracy https://t.co/fKB4kLNPbK	NOT	None	NULL
hasoc_hindi_54	@rggroup6 se ghar lekar paisa hua barbaad. #YogiAdityanath aur #Modi dono baithe hai haath pe rakhkar haath.    @narendramodi @PMOIndia @myogiadityanath koi to humari bhi sun loo sir.	NOT	None	NULL
hasoc_hindi_55	рдЕрдм #рдкрд╛рдХрд┐рд╕реНрддрд╛рди рдХреЗ рдкреАрдПрдо рдЗрдорд░рд╛рди рдЦрд╛рди рдХреЛ рднреА рдХреБрдЫ рддреВрдлрд╝рд╛рдиреА рдХрд░рдиреЗ рдХрд╛ рдЦрдпрд╛рд▓ рдЖрдпрд╛ рд▓рдЧрддрд╛ рд╣реИ?    рд╕рднреА рдкрд╛рдХрд┐рд╕реНрддрд╛рдирд┐рдпреЛрдВ рд╕реЗ 30 рддрд╛рд░реАрдЦ рддрдХ рдЕрдкрдиреА рд╕рдВрдкрддреНрддрд┐рдпреЛрдВ рдХрд╛ рдЦреБрд▓рд╛рд╕рд╛ рдХрд░рдиреЗ рдХреЛ рдХрд╣рд╛ред    рдкрд╛рдХрд┐рд╕реНрддрд╛рди рдореЗрдВ рднреА 'рдореЗрд░реЗ рдкреНрдпрд╛рд░реЗ рджреЗрд╢рд╡рд╛рд╕рд┐рдпреЛрдВ' рд╣реЛрдиреЗ рд╡рд╛рд▓рд╛ рд╣реИ рдХреНрдпрд╛?    #Pakistan #ImranKhan #ModiSarkar2 #India #Demonetization #Modi https://t.co/uCKq2ZD2kj	NOT	None	NULL
hasoc_hindi_56	рдореЛрджреА рд╕рд░рдХрд╛рд░ рдХрд╛ рджреВрд╕рд░рд╛ рдХрд╛рд░реНрдпрдХрд╛рд▓ рдкрд░реНрдпрд╛рд╡рд░рдг рдХреЗ рдмреЗрд╣рддрд░реАрди рд╕рд╛рдмрд┐рдд рд╣реЛрдиреЗ рд╡рд╛рд▓рд╛ рд╣реИ, рд╕рд░рдХрд╛рд░ рдЕрдЧрд▓реЗ рдкрд╛рдВрдЪ рд╡рд░реНрд╖реЛрдВ рдореЗрдВ 125 рдХрд░реЛрдбрд╝ рдкреЗрдбрд╝ рд▓рдЧрд╛рдиреЗ рдХреА рдпреЛрдЬрдирд╛ рд╣реИ, рдЕрдзрд┐рдХ рдЬрд╛рдирдиреЗ рдХреЗ рд▓рд┐рдП рдпрд╣ рд╡реАрдбрд┐рдпреЛ рджреЗрдЦреЗрдВ.  #ModiSarkar2   #Modi https://t.co/Ic1N6EqB3l	NOT	None	NULL
hasoc_hindi_57	@sardanarohit рдЬреЛ рдХрд╣рддреЗ рдереЗ рдЪреМрдХреАрджрд╛рд░ рдЪреЛрд░ рд╣реИ, рд╡реЛ   рд╕реНрдХрд╛реЕрд▓рд░рд╢рд┐рдк рд▓реЗ рд░рд╣реЗ рд╣реИрдВ рдФрд░ рдЬрд┐рд╕рдиреЗ рдмреЛрд▓рд╛   рдореИрдВ рдЪреМрдХреАрджрд╛рд░ рд╣реВрдБ,  рд╡реЛ рдмреЗрдЪрд╛рд░реЗ рджрд░ рджрд░ рднрдЯрдХ рд░рд╣реЗ рд╣реИрдВ.  #AmitShah #Modi	NOT	None	NULL
hasoc_hindi_58	ЁЯТЬ    рдкрдж рдЬрд╛рдиреЗ рдХреЗ рдмрд╛рдж  рдШреЛрдЯрд╛рд▓реЗ рдЦреБрд▓рдиреЗ рдХреЗ рд╕рд╛рде  рдХрд╛рдлреА рдХреБрдЫ рдмрджрд▓ рдЬрд╛рддрд╛ рд╣реИ, рдирд╣реАрдВ!    рдХреНрдпрд╛ рдереЗ!  рдХреНрдпрд╛ рд╕реЗ рдХреНрдпрд╛ рд╣реЛ рдЧрдП рджреЗрдЦрддреЗ-рджреЗрдЦрддреЗ!    #рдЪрдВрджрд╛_рдХреЛрдЪрд░ : рддрдм рдФрд░ рдЕрдм!    #TeamIndia #Media420 #BJP #Modi #ModiSarkar2 #ICICI #ChandaKochhar #Videocon #crypto #Bitcoin #Banking https://t.co/NA7mbSTHeZ	NOT	None	NULL
hasoc_hindi_59	@cricketwoman @TarekFatah Photo to laga di? Ye kaafi nahi... #modi #chor ki olad #rss #bjp #terrorist #organization	HOF	OFFN	TIN
hasoc_hindi_60	@notsobassist @zinasthachh Chutiya haru. Ramro movie banaunu ni chaina. Ramro chaina vanda jail re.	NOT	None	NULL
hasoc_hindi_61	рдЧреБрдЬрд░рд╛рдд рдореЗрдВ рдХрд╛рдиреВрди рдФрд░ рд╕реНрд╡рд╛рд╕реНрдереНрдп рд╡реНрдпрд╡рд╕реНрдерд╛ рдПрдХрджрдо рдирд┐рдЪрд▓реЗ рд╕реНрддрд░ рдкрд░, 5 рджрд┐рдиреЛрдВ рдореЗрдВ рд▓рдбрд╝рдХрд┐рдпреЛрдВ рдкрд░ рдЕрддреНрдпрд╛рдЪрд╛рд░ рдХреА 4 рдШрдЯрдирд╛рдПрдВред    рдХреНрдпрд╛ рдпрд╣реАрдВ рдЧреБрдЬрд░рд╛рдд рдореЙрдбрд▓ рдХреА рд╣рдХрд╝реАрдХрд╝рдд рд╣реИ? рдХреНрдпрд╛ рдпрд╣реА рд╡рд┐рдХрд╛рд╕ рд╣реИ?    #gujarat #vijayrupani #modi     https://t.co/SWrh5RvthU https://t.co/lnOysBRr1x	NOT	None	NULL
hasoc_hindi_62	рджреЛрдиреЛ рд╣рдореЗрд╢рд╛ рджреЗрд╢ рдХреЗ рд▓рд┐рдП рдЦреЗрд▓рддреЗ рд╣реИ рдЕрдкрдиреЗ рд▓рд┐рдП рдирд╣реА #Dhoni #Modi    via MyNt https://t.co/jFp7hNFcWm	NOT	None	NULL
hasoc_hindi_63	рдпрджрд┐ @narendramodi рд╕реЛрдЪрддреЗ рд╣реИ рдХрд┐ рднреИрдВрд╕ рдХреЗ рдЖрдЧреЗ рдмреАрди рдмрдЬрд╛рдиреЗ рд╕реЗ рд╡рд╣ рджреВрдз рджреЗ рджреЗрдЧреА рдпрд╛ рд░реЗрдЧрд┐рд╕реНрддрд╛рди рдореЗрдВ рдЧрдбреНрдвреЗ рдЦреЛрджрдХрд░ рдкрд╛рдиреА рдЗрдХрдареНрдард╛рдХрд░ рд╣рд░рд┐рдпрд╛рд▓реА рд▓реЗ рдЖрдПрдВрдЧреЗ рддреЛ рдпрд╣ 5 рд╡рд░реНрд╖ рдФрд░ IAS рдкрд░ рд╡реНрдпрд░реНрде рдХрд░рд▓реЗред рдкрд░ рдлрд┐рд░ рд╢рд╛рдпрдж рдЬрдирддрд╛ рдЗрддрдирд╛ рд╕рдмреНрд░ рди рд░рдЦ рдкрд╛рдпреЗред рдирд┐рд╢реНрдЪрд┐рдд рд╣реА #Modi рдХреА intentions рдпрд╛ capability рдкрд░ рдХреЛрдИ рдкреНрд░рд╢реНрдирдЪрд┐рдиреНрд╣ рдирд╣реА рд╣реЛ рд╕рдХрддрд╛ред https://t.co/iTRlq3urgT	NOT	None	NULL
hasoc_hindi_64	рдЬрдм рд╡рддрди рдХреА рдЖрд╡рд╛рдЬ рд╣реА рдмрд┐рдХ рдЬрд╛рдп рддреЛ рд╡рд┐рдкрдХреНрд╖ рдХреНрдпрд╛ ? рджреЗрд╢ рднреА рдЦрддреНрдо рд╕рдордЭреЛ ? @dilipmandal @EditorIndia @IndEditorsGuild @NotNewToAny1 @geetv79 @VinayDokania @IndiaToday @thewirehindi @aajtak @anjanaomkashyap #Modi https://t.co/j4ux7cId0A	NOT	None	NULL
hasoc_hindi_65	рднрдпрдВрдХрд░ рдЧрд░реНрдореА рдореЗрдВ рдкрд╛рдиреА рдкрд┐рд▓рд╛рддреЗ рдЬрд╡рд╛рди   рдореБрдЭреЗ рдкрддрд╛ рд╣реИ рдЕрдм рдХреЛрдИ рдирд╣реАрдВ рдмреЛрд▓реЗрдЧрд╛ рдирд╛рдЗрд╕ рдкрд┐рдХ,рд╕рдм рдмреЛрд▓реЗрдВрдЧреЗ рдЬрдп рд╣рд┐рдВрдж ред  #Modi   @narendramodi   @TajinderBagga   @p_sahibsingh   @Archuu_Tiwari   @TcGehlotOffice   @adgpi https://t.co/AlirQJqbzp	NOT	None	NULL
hasoc_hindi_66	рдкреАрдПрдо рдореЛрджреА рдиреЗ рдмрддрд╛рдпрд╛ 'рднрд╛рд░рдд рдХреИрд╕реЗ рдмрдиреЗрдЧрд╛ рдкрд╛рдВрдЪ рд╕рд╛рд▓ рдореЗрдВ 5 рдЯреНрд░рд┐рд▓рд┐рдпрди рдбреЙрд▓рд░ рдХреА рдЕрд░реНрдерд╡реНрдпрд╡рд╕реНрдерд╛?'    #Modi #Indianeconomynews #LatestHindiNews https://t.co/5FLW3nSg7y	NOT	None	NULL
hasoc_hindi_67	рдореЛрджреА рд╕рд░рдХрд╛рд░ 2 рдХрд╛ рд╕рд░реНрдЬрд┐рдХрд▓ рд╕реНрдЯреНрд░рд╛рдЗрдХ, рдХреЗрдВрджреНрд░ рд╕рд░рдХрд╛рд░ рдиреЗ рднреНрд░рд╖реНрдЯрд╛рдЪрд╛рд░ рдФрд░ рдпреМрди рдЙрддреНрдкреАрдбрд╝рди рдЬреИрд╕реЗ рдЧрдВрднреАрд░ рдЖрд░реЛрдк рдореЗрдВ 12 рд╡рд░рд┐рд╖реНрда рдЕрдлрд╕рд░реЛрдВ рдХреЛ рдЬрдмрд░рди рджреЗ рджрд┐рдпрд╛ рд░рд┐рдЯрд╛рдпрд░рдореЗрдВрдЯ  #ModiSarkaar2 #ModiCorruptionCleanup  #Modi @ramdastambe8888 https://t.co/yO6IDKdgK4 https://t.co/ToPxl2qDy6	NOT	None	NULL
hasoc_hindi_68	рдореЛрджреА рд╕рд░рдХрд╛рд░ 2 рдХрд╛ рд╕рд░реНрдЬрд┐рдХрд▓ рд╕реНрдЯреНрд░рд╛рдЗрдХ, рдХреЗрдВрджреНрд░ рд╕рд░рдХрд╛рд░ рдиреЗ рднреНрд░рд╖реНрдЯрд╛рдЪрд╛рд░ рдФрд░ рдпреМрди рдЙрддреНрдкреАрдбрд╝рди рдЬреИрд╕реЗ рдЧрдВрднреАрд░ рдЖрд░реЛрдк рдореЗрдВ 12 рд╡рд░рд┐рд╖реНрда рдЕрдлрд╕рд░реЛрдВ рдХреЛ рдЬрдмрд░рди рджреЗ рджрд┐рдпрд╛ рд░рд┐рдЯрд╛рдпрд░рдореЗрдВрдЯ  #ModiSarkaar2 #ModiCorruptionCleanup  #Modi @reportertoday88 https://t.co/5dFC02iQ0T https://t.co/S5ctKLRDhP	NOT	None	NULL
hasoc_hindi_69	рд░реЙрдмрд░реНрдЯ рд╡рд╛рдбрд░рд╛ рдХреЛ рдЖрдВрддреЛрдВ рдХрд╛ рдЯреНрдпреВрдорд░ рд╣реЛ рдЧрдпрд╛ рд╣реИ, рд╡рд╣ рдЗрд▓рд╛рдЬ рдХреЗ рд▓рд┐рдП рд╡рд┐рджреЗрд╢ рдЬрд╛ рд╕рдХрддреЗ рд╣реИрдВред    #AgustaWestland рд╡рд╛рд▓реЗ рд░рд╛рдЬреАрд╡ рд╕рдХреНрд╕реЗрдирд╛ рдХреЛ рднреА рдЖрдЬ рд╡рд┐рджреЗрд╢ рдЬрд╛рдХрд░ рдЗрд▓рд╛рдЬ рдХреА рдЗрдЬрд╛рдЬрдд рджреЗ рджреА рдЧрдИред    рдмрд╛рдж рдореЗрдВ рдЪрд┐рд▓реНрд▓рд╛рдУрдЧреЗ рдХрд┐ рдореЛрджреАрдЬреА рдиреЗ рджреЗрд╢ рдХреЗ рдмрд╛рд╣рд░ рднрд╛рдЧ рдЬрд╛рдиреЗ рджрд┐рдпрд╛!    #RajivSaxena #KathuaCase #BJP #bitcoin #WestBengal #Modi https://t.co/6GzLpLpOIQ	NOT	None	NULL
hasoc_hindi_70	рдкреНрд░рдзрд╛рдирдордВрддреНрд░реА рдирд░реЗрдВрджреНрд░ рдореЛрджреА рдЖрдЬ рдЕрдкрдиреЗ рддреАрд╕рд░реА рд╢реНрд░реАрд▓рдВрдХрд╛ рдпрд╛рддреНрд░рд╛ рдкрд░ рд╣реИрдВ. рдЖрдЬ рдЙрдиреНрд╣реЛрдВрдиреЗ рд╕реЗрдВрдЯ рдПрдВрдереЛрдиреАрдЬ рд╢реНрд░рд╛рдЗрди, рдХреЛрдЪреНрдЪреАрдХреЗрдб рдкрд╣реБрдВрдЪрдХрд░ рдИрд╕реНрдЯрд░ рд╕рдВрдбреЗ рдЕрдЯреИрдХ рдореЗрдВ рдорд╛рд░реЗ рдЧрдП рд▓реЛрдЧреЛрдВ рдХреЛ рд╢реНрд░рджреНрдзрд╛рдВрдЬрд▓рд┐ рджреА.  @BJP4India @narendramodi @HSnewsLive   #Modi #SriLanka #Easter #Terrorism #Peace   https://t.co/J6AHN00BIF	NOT	None	NULL
hasoc_hindi_71	The secret is out: #manmohansingh/#Congress years saw 10.08 growth rate. In #Modi years it came down to 4.5%!    рдЦреБрдж рдореЛрджреА рд╕реЗ рдЬреБрдбрд╝реЗ рдЕрд░реНрдерд╢рд╛рд╕реНрддреНрд░рд┐рдпреЛрдВ рдХреЗ рдЕрдиреБрд╕рд╛рд░: рдордирдореЛрд╣рди рд╕рд┐рдВрд╣ рдХрд╛рд▓ рдХреА рдЧреНрд░реЛрде рд░реЗрдЯ 10.08 рдереАред #рдореЛрджреА рдХрд╛рд▓ рдореЗ рдпрд╣ рдШрдЯ рдХрд░ 4.5% рд╣реЛ рдЧрдпреА!  #ModiSwearingIn #ModiSarkar2 #рдХрдмреАрд░_рд╕рд╛рд╣реЗрдм_рдкреНрд░рд╛рдХрдЯреНрдп	NOT	None	NULL
hasoc_hindi_72	@ANI Bolo @narendramodi  Ka Boss Kaun? #Modi ka ek hi boss -  #BigBoss #DrHarshvardhan ! #DrHarshvardhan ki Jai !  #DrHarshvardhan Sab Ka Baao Hai! Samjha Kya @BJP4India ?  @SushmaSwaraj @RahulGandhi @rahulkanwal @anjanaomkashyap	NOT	None	NULL
hasoc_hindi_73	@RajaRaj31542682 @YogiDevnathji @RKumar18944985 @AmitShah @myogiadityanath @girirajsinghbjp @Payal_Rohatgi @sardanarohit Sab ka Kalyan hoga bhai Sabr toh paanch saal me toot gaya kya???    50 se jyada toh Kuch nahi bole aur hua lekin ab toh baat karme ka to azadi Bacha hai!    Sab ka Kalyan Jarur karenge    Hausala mat kho mere pyare desh vasiyo!!    Jab tak #Modi tab tak no tension!    Just chill!	NOT	None	NULL
hasoc_hindi_74	рдореЛрджреА рдиреЗ рдЬреА7 рдХреЗ рдПрдХ рд╕рддреНрд░ рдореЗрдВ рднрд╛рдЧ рд▓реЗрдиреЗ рдХреЗ рдореИрдХреНрд░реЛрдВ рдХреЗ рдирд┐рдордВрддреНрд░рдг рдХреЛ рдХрд┐рдпрд╛ рд╕реНрд╡реАрдХрд╛рд░    #Modi #Macron    https://t.co/CLeN9VdSIg	NOT	None	NULL
hasoc_hindi_75	@NadeemfParacha Hamarey paas, #Modi hai !  ЁЯСН	NOT	None	NULL
hasoc_hindi_76	рдХрд┐рд╕рд╛рдиреЛрдВ рдХреЛ рдЙрдирдХреА рдлрд╕рд▓ рдХрд╛ рдЙрдЪрд┐рдд рдореВрд▓реНрдп рджрд┐рд▓рд╛рдиреЗ рдореЗрдВ рд╕рд╣рд╛рдпрддрд╛ рдХрд░ рд░рд╣рд╛ рд░рд╛рд╖реНрдЯреНрд░реАрдп рдХреГрд╖рд┐ рдмрд╛рдЬрд╛рд░ (eNAM) рдкреЛрд░реНрдЯрд▓ред   #ENAM #рдХрд┐рд╕рд╛рди   #NewIndia #Modi https://t.co/80whb1burj	NOT	None	NULL
hasoc_hindi_77	рджреЛрдиреЛ рд╣рдореЗрд╢рд╛ рджреЗрд╢ рдХреЗ рд▓рд┐рдП рдЦреЗрд▓рддреЗ рд╣реИ рдЕрдкрдиреЗ рд▓рд┐рдП рдирд╣реА #Dhoni #Modi    ЁЯСНЁЯСНЁЯСН https://t.co/SmIaOEbjuv	NOT	None	NULL
hasoc_hindi_78	@narendramodi @BJP4India @anjanaomkashyap @SwetaSinghAT @sudhirchaudhary   Kha hain hmare 13 #Abhinandan ЁЯШе  #Media..??  #Modi..??  Twitter wale desh bhakt..??  Koi btayega ya Sara Desh bhakti election jeetne ka drama tha ?ЁЯШа	HOF	HATE	TIN
hasoc_hindi_79	Bharat ka #Sanskriti kya hai  @PMOIndia ka.   Jab koi #Action Hua nahi   #FraudGovtCulture me.   Par Bharat ke #PMNarendraModi ki kya Ray.     Why ignored by #Modi-1 (2014-19)    What Suggestion 4 me .  Can #ModiSarkar2  Hopeful or like #Modi1Crime   @GdBakshiJe   @Uma_Dutt_Mishra   #Fact ? https://t.co/Sc9fE71E3g	NOT	None	NULL
hasoc_hindi_80	рд╢реНрд░реАрд▓рдВрдХрд╛ рдХреЗ рд░рд╛рд╖реНрдЯреНрд░рдкрддрд┐ рдЫрд╛рддрд╛ рдкрдХрдбрд╝рдХрд░ рдЦреБрдж рдХреЛ рдФрд░ рдкреНрд░рдзрд╛рдирдордВрддреНрд░реА рдореЛрджреА рдХреЛ рдмрд╛рд░рд┐рд╢ рд╕реЗ рдмрдЪрд╛рддреЗ рд░рд╣реЗ  #SriLanka   #modi  @narendramodi   https://t.co/DMWCAMyVAz	NOT	None	NULL
hasoc_hindi_81	@BharatMahour Turkey Hackers Ny Kia Kis Ky Ley Hai?? Tumhari Baji Ky leyЁЯШАЁЯШАЁЯША  Imojis Bana Kar Khud Ko Self Satisfy Na Karo Janu.Hum Jo Karty Hain Puri Dunia Dekhti Hai or Tum Jo Karty ho Us Ka Saboot to tumhary apny tum sy mangty hainЁЯША    Is Sy Pehly #Modi ka bhi osi qism ka kaand hua tha..	NOT	None	NULL
hasoc_hindi_82	Bharat ke Beta #MODI https://t.co/gBVUTJAMHk	NOT	None	NULL
hasoc_hindi_83	рдмрдВрдЧрд╛рд▓ рдореЗрдВ рддрддреНрдХрд╛рд▓ рд░рд╛рд╖реНрдЯреНрд░рдкрддрд┐ рд╢рд╛рд╕рди рд▓рдЧрд╛рдП рдЬрд╛рдиреЗ рдХреА рдЬрд░реВрд░рдд рд╣реИред рд╣рдо рдХрдм рддрдХ рдФрд░ рдЗрдВрддрдЬрд╛рд░ рдХрд░реЗрдВрдЧреЗ?    рд╣рд░ рджрд┐рди рдирд┐рд░реНрджреЛрд╖ рдмрдВрдЧрд╛рд▓рд┐рдпреЛрдВ рдХреА рд╣рддреНрдпрд╛ рдХрдм рддрдХ рджреЗрдЦрддрд╛ рд░рд╣реЗрдЧрд╛ рднрд╛рд░рдд?    #AmitShahKoPhoneKar #BengalViolence #Kolkata #BJP #Modi #ModiSarkar2 #Bashirhat  #MamataFrustrated #Bengal @BJP4Bengal @me_locket #TMC https://t.co/wyAPgeu1Jm	NOT	None	NULL
hasoc_hindi_84	#Nehru Ji to #ModiSarkar2: Pichhle 5 saal me tumne kya kiya???    #Modi Ji: Plz listen this...    https://t.co/Tz1lGXMYUu	NOT	None	NULL
hasoc_hindi_85	рд╕рд╛рдд рджрд┐рди рдмреАрдд рдЧрдпреЗ рддреБрдо рдиреЗ рдкреБрдЫрд╛ рднреА рдирд╣реА #AN32Aircraft рдХрд╣рд╛ рд╣реИ? рднрд╛рд░рддреАрдп рдореАрдбрд┐рдпрд╛ shame on you #AN32  #AmitShah  #ModiGovernment #narendradamodardasmodi #modi     @abpmajhatv @aajtak @ZeeNews    рддреБрдо рдирдХрд▓реА рджреЗрд╢рднрдХреНрдд рд╣реЛ рддреБрдореНрд╣рд╛рд░реА рджреЗрд╢ рднрдХреНрддреА рдирдХрд▓реА рд╣реИ .  ЁЯШеЁЯШЯЁЯШк https://t.co/OTcizch8sB	HOF	HATE	TIN
hasoc_hindi_86	Amitabh Bachan the New Fan of Pakistan and Imran Khan ЁЯШОЁЯШО  Meray paaas Maa nahi, meray paas IK hai Ab ЁЯШВЁЯШВ #Modi #IK #PTI @ImranKhanPTI @narendramodi https://t.co/4hWNGbCuAy	NOT	None	NULL
hasoc_hindi_87	рдбрд╛рдпрд░реЗрдХреНрдЯ рдмреЗрдирд┐рдлрд┐рдЯ рдЯреНрд░рд╛рдВрд╕рдлрд░ рд╕реЗ рдкрд╛рд░рджрд░реНрд╢рд┐рддрд╛ рд╕реБрдирд┐рд╢реНрдЪрд┐рдд рдХрд░ рд░рд╣реА #рдореЛрджреА рд╕рд░рдХрд╛рд░ред   тАв 439 рдпреЛрдЬрдирд╛рдУрдВ рдХреА 7.33 рд▓рд╛рдЦ рдХрд░реЛрдбрд╝ рд░реБрдкрдпреЗ рд╕реЗ рдЕрдзрд┐рдХ рдХреА рдзрдирд░рд╛рд╢рд┐ рд▓рд╛рднрд╛рд░реНрдерд┐рдпреЛрдВ рдХреЗ рдЦрд╛рддреЗ рдореЗрдВ рдЯреНрд░рд╛рдВрд╕рдлрд░ рдХреА рдЧрдИред  тАв 8 рдХрд░реЛрдбрд╝ рд╕реЗ рдЕрдзрд┐рдХ рдлрд░реНрдЬреА рд▓рд╛рднрд╛рд░реНрдерд┐рдпреЛрдВ рдХреЛ рд╣рдЯрд╛рдпрд╛ рдЧрдпрд╛ред  тАв  1.41 рд▓рд╛рдЦ рдХрд░реЛрдбрд╝ рд░реБрдкрдпреЗ рд╕реЗ рдЕрдзрд┐рдХ рдзрдирд░рд╛рд╢рд┐ рдХреА рд╣реБрдИ рдмрдЪрддред  #modi https://t.co/ukZrOnVvTa	NOT	None	NULL
hasoc_hindi_88	#рдХрдмреАрд░_рдкрд░рдореЗрд╢реНрд╡рд░    рдкреВрд░реНрдг рдкрд░рдорд╛рддреНрдорд╛ рдХрдмреАрд░ рд╕рд╛рд╣реЗрдм рд╣реА рдкреВрд░реНрдг рдореЛрдХреНрд╖ рджрд╛рдпрдХ рд╣реИ    @PMOIndia   @CMHimachal   @cmohry   @AmitShah   @RahulGandhi   @News18India   #Modi  @NARENDRAMODlPM   @narendramodi https://t.co/ln7YUoaLwP	NOT	None	NULL
hasoc_hindi_89	рддреВ рди рдердХреЗрдЧрд╛ рдХрднреА,  рддреВ рди рд░реБрдХреЗрдЧрд╛ рдХрднреА,  рддреВ рди рдореБрдбрд╝реЗрдЧрд╛ рдХрднреА,  рдХрд░ рд╢рдкрде, рдХрд░ рд╢рдкрде, рдХрд░ рд╢рдкрде,  рдореЛрджреАрдкрде рдореЛрджреАрдкрде рдореЛрджреАрдкрде     #ModiSarkar2 #ModiRaj #ModiSarkarDobara #Modi  #PhirEkBaarModiSarkaar #ModiV2 #NaMoNaMo #OathCeremony #SwearinginCeremony #ModiSwearingIn @narendramodi https://t.co/oClOQhZx5A	NOT	None	NULL
hasoc_hindi_90	#Modi he to mumkin he   рд╡рд┐рдЬрдп рдорд╛рд▓реНрдпрд╛ рдХреЛ рдЗрдВрдЧреНрд▓реИрдВрдб рдореИрдВ рдЙрд╕рдХреА рдФрдХрд╛рдд рджрд┐рдЦрд╛рддреЗ рднрд╛рд░рддреАрдп https://t.co/FSaV9lTLbY	NOT	None	NULL
hasoc_hindi_91	рдФрд░ рдореЛрдИ рдЬреА рдХрд╣рддреЗ рд╣реИ рдХрд┐ рдореИ рдЪреМрдХреАрджрд╛рд░ рд╣реВрдБред  #AN32   #AN32Aircraft   #Modi   @narendramodi   @rajnathsingh https://t.co/GviXDsM0KZ	NOT	None	NULL
hasoc_hindi_92	рд╢реНрд░реАрд▓рдВрдХрд╛ рдХреЗ рд░рд╛рд╖реНтАНрдЯреНрд░рдкрддрд┐ рдиреЗ рдмрд╛рд░рд┐рд╢ рдХреЗ рджреМрд░рд╛рди рд╕реНрд╡рдореН рдЫрд╛рддрд╛ рдкрдХрдбрд╝рдХрд░ PM рдореЛрджреА рдХрд╛ рдХрд┐рдпрд╛ рд╕реНрд╡рд╛рдЧрдд   #Modi #ModiGovernment #NarendraModi #SriLanka #PMModi #India   https://t.co/aF9MyoJHn6	NOT	None	NULL
hasoc_hindi_93	#рдмрд╛рдбрд╝рдореЗрд░    рдЧреМрд╕реЗрд╡рдХреЛрдВ рдФрд░ #рд╕рд╛рдзреБ_рд╕рдВрдд рдХрд╛ #Modi рд╡ #Gehlot рд╕рд░рдХрд╛рд░ рдХреЗ рдЦрд┐рд▓рд╛рдл рдЙрддрд░реЗ рд╕рдбрд╝рдХреЛрдВ рдкрд░  рдЧреМрдорд╛рддрд╛ рдХреЗ рд╢рд╡ рдпрд╛рддреНрд░рд╛ рдирд┐рдХрд╛рд▓рдХрд░ рдЙрддрд░реЗ рд╕рдбрд╝рдХреЛ рдкрд░  рд╢рд╡ рдпрд╛рддреНрд░рд╛ рдХреЛ рд▓реЗрдХрд░ рдШреБрд╕реЗ рдХрд▓реЗрдХреНрдЯреНрд░реЗрдЯ рдореЗрдВ рдЪрд╛рд░реЗ рдкрд╛рдиреА рдХреА рдорд╛рдВрдЧ рдФрд░ рдЧреМрд╡рдВрд╢ рдХреА рдЕрдХрд╛рд▓ рдореМрдд рдХреЗ рдЪрд▓рддреЗ рдХрд┐рдпрд╛ рдЬрд╛ рд░рд╣рд╛ рд╡рд┐рд░реЛрдз рдкреНрд░рджрд░реНрд╢рди тБж@PMOIndiaтБй тБж@ashokgehlot51тБй https://t.co/Fh5nVvc0kK	NOT	None	NULL
hasoc_hindi_94	Hun kithe gye oh lokk jo kehnde c #DigitalIndia hai, ghante da digital india hai jithe ek 2 saal de bache nu ta kadd nai sake 5 dina to. Sab to Ghatiya sarkar #BJP #Modi hai #FatehveerSingh #Sangrur #borewell #Congress #AAP @BJP4India https://t.co/0Z0GVIf4G8	HOF	HATE	TIN
hasoc_hindi_95	рд╣рд╛рде рд▓рдЧрд╛рдУ рдбрд░ рдЬрд╛рдПрдЧреА рдмрд╛рд╣рд░ рдирд┐рдХрд╛рд▓реЛ рдорд╛рд░ рдЬрд╛рдПрдЧреА, рдкрддрд╛ рд╣реА рдирд╣реА рдЪрд▓рд╛ рдпреЗ рдкрдВрдХреНрддрд┐ рдХрдм рдордЫрд▓рд┐рдпреЛрдВ рд╕реЗ рдмреЗрдЯрд┐рдпреЛрдВ рдкрд░ рдкрд╣реБрдБрдЪ рдЧрдпреАЁЯШнЁЯШн #SaveGirl #India #Modi #BJP #HumanVsAnimal	NOT	None	NULL
hasoc_hindi_96	Ye bhi Duniya me ek misaal ban gai,   Bhartiya Parliament ki ek member court me is liye pesh Hui kyuki uspar #Atankwad ka charge hai,  #Modi hai to #Mumkin hai, https://t.co/lhWVrQbo1q	NOT	None	NULL
hasoc_hindi_97	рджреЛрдиреЛ рд╣рдореЗрд╢рд╛ рджреЗрд╢ рдХреЗ рд▓рд┐рдП рдЦреЗрд▓рддреЗ рд╣реИ рдЕрдкрдиреЗ рд▓рд┐рдП рдирд╣реА #Dhoni #Modi https://t.co/HmK6cq3K1a	NOT	None	NULL
hasoc_hindi_98	ЁЯФ╗  рдРрд╕реА рд╣рд╛рд▓рд╛рдд рдмрдиреА рд╣реИ рдкрд╛рдХ рдХреА,рдЕрдЧрд░ рдкреАрдПрдо рдореЛрджреА рдХреА рдЧрд╛рдбрд╝реА рджреЗрд░ рд░рд╛рдд рддрдХ рдСрдлрд┐рд╕ рдореЗрдВ рд╣реИ рддреЛ рдкрд╛рдХрд┐рд╕реНрддрд╛рди  рдореЗрдВ high alert рд╣реЛ рдЬрд╛рддрд╛ рд╣реИ  рдпреЗ  рд╣реИ рдЦреМрдл.  #MondayMotivation   #ModiAaGaya   #ModiGovernment   #ModiSwearingIn   #Modi   #AmitShah   #AmitabhBachchan	NOT	None	NULL
hasoc_hindi_99	@rssurjewala рд╕реВрд░рдЬреЗрд╡рд╛рд▓рд╛ рднреИрдпреЗ  рдореЛрджреАрдЬреА рдиреЗ рддреБрдореНрд╣реЗрдВ рддреАрди рдХрд╛рдо рд╕реМрдВрдк рджрд┐рдП рд╣реИрдВ:    1. рддреБрдХрдмрдВрджреА рдХрд░рддреЗ рд░рд╣реЛред  2. рд░рд╛рд╣реБрд▓ рдЧрд╛рдВрдзреА рдХреЛ рдордирд╛рддреЗ рд░рд╣реЛред  3. рдкрд╛рд░реНрдЯреА рдХреЛ рдЧрд░реНрдд рдореЗрдВ рдЬрд╛рддреЗ рджреЗрдЦрддреЗ рд░рд╣реЛред    рдФрд░ рд╣рд╛рдВ, рд░рд╛рд╣реБрд▓ рдХреЛ рдЕрдзреНрдпрдХреНрд╖ рдмрдирд╛рдП рд░рдЦрдирд╛!    #ModiSarkar2 #AmitShah #BJP #Modi #JusticeForTwinkleSharma #Aligarh #KeralaWelcomesModi #Congress	NOT	None	NULL
hasoc_hindi_100	рдЖрд░рд┐рдл рдореЛрд╣рдореНрдордж рдЦрд╛рди рдиреЗ рдХрд░рдг рдерд╛рдкрд░ рдХреЗ рд╕рд╡рд╛рд▓реЛрдВ рдХреА рдзрдЬреНрдЬрд┐рдпрд╛рдВ рдЙрдбрд╝рд╛ рджреАрдВред рд╢реБрдХреНрд░рд┐рдпрд╛ #рддрд┐рд░рдВрдЧрд╛ рдЯреАрд╡реА рдпрд╣ рдЗрдВрдЯрд░рд╡реНрдпреВ рдкреНрд░рд╕рд╛рд░рд┐рдд рдХрд░рдиреЗ рдХреЗ рд▓рд┐рдП!    рджреЗрд╢ рдХреЗ рд╣рд░ рдореБрд╕рд▓рдорд╛рди рдХреЛ рдЖрд░рд┐рдлрд╝ рд╕рд╛рд╣рдм рдХрд╛ рдЗрдВрдЯрд░рд╡реНрдпреВ рджреЗрдЦрдирд╛ рдЪрд╛рд╣рд┐рдП!    #ModiSarkar2 #AmitShah #Modi #JusticeForTwinkleSharma #Aligarh #KeralaWelcomesModi #DhoniKeSaathDesh https://t.co/HzA5vpey7X	NOT	None	NULL
hasoc_hindi_101	#Australia рдХрднреА рднреА 353 рдирд╣реАрдВ рдмрдирд╛ рд╕рдХрддрд╛ред 353 рдмрдирд╛рдиреЗ рдХрд╛ #CopyRight рд╕рд┐рд░реНрдл #AmitShah рдХреЗ рдкрд╛рд╕ рд╣реИ!    #INDvAUS #CWC19 #India  #AmitShahKoPhoneKar #TeamIndia #BengalViolence #Kolkata #Media420 #BJP #Modi #ModiSarkar2 #MamataFrustrated https://t.co/vaDGaHh0SB	NOT	None	NULL
hasoc_hindi_102	рджреЛрдиреЛ рд╣рдореЗрд╢рд╛ рджреЗрд╢ рдХреЗ рд▓рд┐рдП рдЦреЗрд▓рддреЗ рд╣реИ рдЕрдкрдиреЗ рд▓рд┐рдП рдирд╣реА #Dhoni #Modi  @PMOIndia @CMOMaharashtra @BJP4India @BJP4Maharashtra @BJYM https://t.co/tWGMWSrZ3c	NOT	None	NULL
hasoc_hindi_103	@narendramodi рдореЛрджреА рд╕рд░рдХрд╛рд░ рдХрд╛ рджреВрд╕рд░рд╛ рдХрд╛рд░реНрдпрдХрд╛рд▓ рдкрд░реНрдпрд╛рд╡рд░рдг рдХреЗ рдмреЗрд╣рддрд░реАрди рд╕рд╛рдмрд┐рдд рд╣реЛрдиреЗ рд╡рд╛рд▓рд╛ рд╣реИ, рд╕рд░рдХрд╛рд░ рдЕрдЧрд▓реЗ рдкрд╛рдВрдЪ рд╡рд░реНрд╖реЛрдВ рдореЗрдВ 125 рдХрд░реЛрдбрд╝ рдкреЗрдбрд╝ рд▓рдЧрд╛рдиреЗ рдХреА рдпреЛрдЬрдирд╛ рд╣реИ, рдЕрдзрд┐рдХ рдЬрд╛рдирдиреЗ рдХреЗ рд▓рд┐рдП рдпрд╣ рд╡реАрдбрд┐рдпреЛ рджреЗрдЦреЗрдВ.  #ModiSarkar2   #Modi https://t.co/x0gyh1Qnin	NOT	None	NULL
hasoc_hindi_104	@RahulGandhi strict action lenge tabhi  aise log sudhrenge...   Waise Pappu tujhe hi jail me daalna chahiye har  baar chutiyagiri karne k liye..... #pappu maderchod hai	HOF	PRFN	TIN
hasoc_hindi_105	@Dikshapandey22 рдореВрд░реНрдЦ рдХреЛ рддреЛ рдЬреНрдЮрд╛рди рджреЗрдиреЗ рдХреА рдХреЛрд╢рд┐рд╢ рднреА рдирд╣реАрдВ рдХрд░рдиреА рдЪрд╛рд╣рд┐рдП рдЬреНрдЮрд╛рди рдЙрд╕реЗ рджреЗрдирд╛ рдЬреЛ рдЬреНрдЮрд╛рди рдЧреНрд░рд╣рдг рдХрд░ рд╕рдХреЗ  #pappu	HOF	OFFN	TIN
hasoc_hindi_106	рднрдЧрд╡рд╛рди рди рдХрд░реЗ рдпреЗ рджрд┐рди рджреЗрдЦрдирд╛ рдкрдбрд╝реЗ рджреЗрд╢ рдХреЛред ЁЯШВЁЯШВЁЯШВ  ЁЯЩПЁЯЩПЁЯЩПЁЯЩП    #PriyankaChaturvedi #ShivSena #ModiHiAayega #RahulGandhiChorHai #Pappu https://t.co/T2RZW0Ctec	NOT	None	NULL
hasoc_hindi_107	@JhaSanjay #pappu se nahi payega ЁЯдг	NOT	None	NULL
hasoc_hindi_108	рдЖрдк рд▓реЛрдЧреЛрдВ рдиреЗ рдиреЛрдЯрд┐рд╕ рдХрд┐рдпрд╛ рдпреЗ #Pappu  @ArvindKejriwal рд╡рд╛рд▓реА рд╢рд░реНрдЯ ЁЯСЪ рдкрд╣рди рд░рд╣рд╛ рд╣реИ..ЁЯШЬЁЯдгЁЯдг https://t.co/PiRhqQmSSw	NOT	None	NULL
hasoc_hindi_109	@sherryontopp @RahulGandhi @priyankagandhi @ahmedpatel @INCIndia @sunilkjakhar рдЕрдкрдирд╛ #Pappu рдХреЗ рд╣рд╛рде рдореЗрдВ рдердорд╛ рджрд┐рдпрд╛ЁЯШ▒  рд╡рд╛рд╣ рд░реЗ рдореЗрд░реЗ рд▓рдХреНрдХрдж рднрдЧреЗЁЯШЬЁЯШЕ  https://t.co/DlspzeyYdS	NOT	None	NULL
hasoc_hindi_110	Pyaar andha hota he suna tha, aaj dekh bhi liyaЁЯШВ    #Pappu #CongressMuktBharat https://t.co/yzSHpIxkys	NOT	None	NULL
hasoc_hindi_111	@sonamJain001 @RahulGandhi Chachi had paar kar rahi ho.. fir Sun na paogi.. rona roti NAUTANKI karogi ke muje log galiya de rahe he..   Wese tumhari @INCIndia ke LOOSER President JOKER #Pappu Paglet khali Dimag @RahulGandhi ke Kitne Bachhe he?? Wo to abhi Vandhha he.  Janti ho Vandhha Kya he?  @BJP4India	HOF	OFFN	TIN
hasoc_hindi_112	@the_hindu Ye #Pappu hi rahega ЁЯШВЁЯШВЁЯдгЁЯдгЁЯдгЁЯдг	NOT	None	NULL
hasoc_hindi_113	@PJkanojia bsdka @INCIndia chamcha lag raha hai. desh me Nafarat failane ke liye -#Pappu ne plant kiya lagta hai.	HOF	OFFN	TIN
hasoc_hindi_114	@srivram234 @SudheenKulkarni @RahulGandhi @INCIndia @TheQuint Sudheen Dakkan, #pappu shd go 2 Khan Market &amp; sing   рдпрд╛рджреЛрдВ рдХреА рдмрд╛рд░рд╛рдд рдирд┐рдХрд▓реА рд╣реИ  рдЖрдЬ рджрд┐рд▓ рдХреЗ рджреНрд╡рд╛рд░реЗ  рджрд┐рд▓ рдХреЗ рджреНрд╡рд╛рд░реЗ  рд╕рдкрдиреЛрдВ рдХреА рд╢рд╣рдирд╛рдИ┬а  рдмреАрддреЗ рджрд┐рдиреЛрдВ рдХреЛ рдкреБрдХрд╛рд░реЗ  рджрд┐рд▓ рдХреЗ рджреНрд╡рд╛рд░реЗ  рд╣реЛ рдЫреЗрдбрд╝реЛ рддрд░рд╛рдиреЗ рдорд┐рд▓рди рдХреЗ рдкреНрдпрд╛рд░реЗ рдкреНрдпрд╛рд░реЗ, рд╕рдВрдЧ рд╣рдорд╛рд░реЗ  рдпрд╛рджреЛрдВ рдХреА рдмрд╛рд░рд╛рдд рдирд┐рдХрд▓реА рд╣реИ  рдЖрдЬ рджрд┐рд▓ рдХреЗ рджреНрд╡рд╛рд░реЗ @ndtv jingo girls dance @bchowla	NOT	None	NULL
hasoc_hindi_115	@HarpalS63243933 @TrehanNeeti Issmee sochnaa kyaa haii? #Pappu see vote karwana please.	NOT	None	NULL
hasoc_hindi_116	@MithaniAk @mdaatif_ @lalafekubaba @ndtvindia @BBCHindi @abpnewstv @IndianExpress @TV9Bharatvarsh @IndiaToday Tmara baap to me hu vese v ....#pappu to baap bnne layak v Ni he chamcho	HOF	OFFN	TIN
hasoc_hindi_117	@INCIndia @RahulGandhi Wah wah... Kuch bhi  @IYC @BJP4India @LalitKModi @PMOIndia @priyankagandhi #congressmukthbharath #Pappu #pappuitalyjayega	NOT	None	NULL
hasoc_hindi_118	@News18India рдЧрд▓рдд!  рд╕рдЪ рдмреЛрд▓рдХрд░ #Pappu рдиреЗ рдЬрд┐рддрд╛рдпрд╛ рд╣реИ  тШ║я╕ПтШ║я╕П	NOT	None	NULL
hasoc_hindi_119	@Umashankar_khad @anitaparashar77 Yes..jai bhejo mamta randi ko.....	HOF	PRFN	TIN
hasoc_hindi_120	@ZeeNewsHindi @ZeeNews @SachinArorra Mamta gaand tantr chla rhi hai randi	HOF	PRFN	TIN
hasoc_hindi_121	@MamataOfficial Jai shree ram, baghwan kre aap agle sal eid manane ke liye free ho jaye or fir aap roze bhi rakh lena , randi mamta kuttiya	HOF	PRFN	TIN
hasoc_hindi_122	@i_am_karuna @v007ten Unko mulla Muslim nehi mante baloch ko dekhlo  Aur yaha to Randi dutt laurash Kumar Rahul genda arvind chutiywala Mamta bhosdiwala lalu lawda yadav akhlish bhosdika ye log behn ka loda sab Hindu he unko kyu fikar karega	HOF	PRFN	TIN
hasoc_hindi_123	TERA TIME AAGYA MAMTA TUJHE PAKISTAN BHEJEGE IMRAN SE CHOODWANE KE LIYE RANDI MAMTA CHOOT WALI RANDI MADARCHOOD MULLO SE CHOODWANE WALI @MamataOfficial	HOF	PRFN	TIN
hasoc_hindi_124	RANDI MADARCHOOD BELAT PE HO TAKI TOO MADARCHOOD RANDI BOTH CAPTURE KARSAKE RANDI SALI KUTTIYA MAMTA CHOODAKAR SALI MULLO SE CHOODWANE WALI RANDI @MamataOfficial @BANG	HOF	PRFN	TIN
hasoc_hindi_125	@MamataOfficial,Mamta Banerjee tm Muslim bastard ki rakhail hai, Tm ek Ghamandi aur Andhi hai Desh ki sabse badi#Randi hai.  Jai Shree Ram!	HOF	PRFN	TIN
hasoc_hindi_126	@MamataOfficial Aree O Madarchod Bhenchod chuthiyan Randi Mamta...... bol saali ....Jai Shree Ram....	HOF	PRFN	TIN
hasoc_hindi_127	@mamata_for_PM Maderchod kuttiya Randi Saali desh or dharm ki Gaddar Randi h tu mamta bano	HOF	PRFN	TIN
hasoc_hindi_128	@TajinderBagga @MamataOfficial JAI SHRI RAAM , randi ki pilli mamta gaddaarrr deshdrohi kutiya haraamanЁЯШбЁЯШбЁЯШб	HOF	PRFN	TIN
hasoc_hindi_129	@PMOIndia Saab aisa kya hai Jo Mamta randi abhi tak hinsa Karwa rahe hai bangaal mei??? Aur pathar baaz apni mummy chudwane k liye army KO pathar marte hai...I request you sir Kuch kare plssss	HOF	PRFN	TIN
hasoc_hindi_130	@Nationalist_Om Saab PM kya Kar Rahe hai...hamare army kya Kar Rahe hai...abhi tak kya Ben chod partiya mana rahe hai.....2019jeet ki????? Ma ki chut Randi mamta ki	HOF	PRFN	TIN
hasoc_hindi_131	@SAMBIT_PATRAg Gand mei goli maro aise maderchod logo KO aur aise netao KO Jo aise logo Ka sath dete hai ....ab to aap satta m hai...kya ab BHI hamare army pathar khayege???? Aur wo Randi mamta bangaal m hinsa karwayege??? Sir thode BHI desh bhakti hai to Kuch kare aap	HOF	PRFN	TIN
hasoc_hindi_132	@TajinderBagga @MamataOfficial Saab Sarkar apki hai...army kis liye hai ma ki bhosdi Randi mamta ki...Modi ji chup kyu hai...kyu unke gar se to koi mar nehi Raha????sach hai aur kadwa sach hai Modi ji hath p hath Rakh k bethe hai	HOF	PRFN	TIN
hasoc_hindi_133	@MamataOfficial Randi mamta   Teri gand me alu dalenge janta  Kuttiya Randi sali   Bich raste me Teri gand marenge hum  Chut fadke rod dalenge	HOF	PRFN	TIN
hasoc_hindi_134	@MamataOfficial maa ki chut Teri Mamta benerjee, madarchod pork kha tu, Jai shree ram bolne PE arrest karwaegi tu Randi.  Jai shree RAM  Ukhad Jo ukhadna h	HOF	PRFN	TIN
hasoc_hindi_135	@MajorPoonia @vksnyk @MamataOfficial As ka bhosda is Randi Mamta Khan ki, ise sali ko pork khilao Bangladeshi ko	HOF	PRFN	TIN
hasoc_hindi_136	@PJkanojia @thewire_in Inka taar jal gya hai .inhe abhi ka PTA nhi 1999 PTA hai .tum log ko jurnalist Akhilesh yadav ki sarakar me kiye Kya be .Sala kuch bhi PTA nhi.yese hi logon ko chutiya banate ho.beta ye #Modi 2 yug hai.yha log news dekhte nhi use log Google ya YouTube pe dekhte hai	HOF	PRFN	TIN
